ID,Nutrient,Year,Value,Age,Sex
H1,Iron,2024,8.3,26,F
H1,Iron,2025,8.8,26,F
H1,Calcium,2024,1307.9,30,M
H1,Calcium,2025,1226.7,40,F
H1,Vitamin_D,2024,9.9,25,F
H1,Vitamin_D,2025,9.6,31,M
H2,Iron,2024,7.6,29,F
H2,Iron,2025,6.9,34,F
H2,Calcium,2024,1191.7,39,F
H2,Calcium,2025,,28,M
H2,Vitamin_D,2024,11.3,33,F
H2,Vitamin_D,2025,9.5,40,F
H3,Iron,2024,7.9,27,M
H3,Iron,2025,7.8,36,F
H3,Calcium,2024,1302.4,29,F
H3,Calcium,2025,1219.8,37,F
H3,Vitamin_D,2024,,35,M
H3,Vitamin_D,2025,10.3,27,M
H4,Iron,2024,7.3,37,M
H4,Iron,2025,7.6,32,M
H4,Calcium,2024,,32,M
H4,Calcium,2025,1213.6,28,F
H4,Vitamin_D,2024,9.6,22,M
H4,Vitamin_D,2025,9.6,29,M
H5,Iron,2024,7.9,24,M
H5,Iron,2025,7.5,22,M
H5,Calcium,2024,,33,M
H5,Calcium,2025,1228.4,34,M
H5,Vitamin_D,2024,,32,M
H5,Vitamin_D,2025,11.4,26,M
H6,Iron,2024,8.0,26,M
H6,Iron,2025,,23,M
H6,Calcium,2024,1003.3,38,F
H6,Calcium,2025,1239.3,40,F
H6,Vitamin_D,2024,10.2,31,F
H6,Vitamin_D,2025,11.3,26,F
H7,Iron,2024,8.0,39,M
H7,Iron,2025,7.9,28,F
H7,Calcium,2024,1133.9,38,F
H7,Calcium,2025,1190.4,28,F
H7,Vitamin_D,2024,10.5,36,F
H7,Vitamin_D,2025,8.8,36,M
H8,Iron,2024,7.7,36,M
H8,Iron,2025,8.0,24,F
H8,Calcium,2024,1184.0,38,F
H8,Calcium,2025,1149.3,23,M
H8,Vitamin_D,2024,10.9,36,M
H8,Vitamin_D,2025,,30,M
H9,Iron,2024,8.0,20,M
H9,Iron,2025,,25,F
H9,Calcium,2024,1150.9,39,F
H9,Calcium,2025,1113.4,38,F
H9,Vitamin_D,2024,11.1,39,M
H9,Vitamin_D,2025,10.3,20,M
H10,Iron,2024,7.5,37,M
H10,Iron,2025,8.4,35,F
H10,Calcium,2024,1250.0,39,F
H10,Calcium,2025,1165.2,28,M
H10,Vitamin_D,2024,10.8,35,F
H10,Vitamin_D,2025,10.8,39,M
H11,Iron,2024,7.1,23,F
H11,Iron,2025,,22,M
H11,Calcium,2024,1266.9,33,F
H11,Calcium,2025,1017.0,22,F
H11,Vitamin_D,2024,10.5,27,M
H11,Vitamin_D,2025,,20,F
H12,Iron,2024,8.4,38,F
H12,Iron,2025,7.9,21,M
H12,Calcium,2024,1149.5,34,F
H12,Calcium,2025,992.9,23,M
H12,Vitamin_D,2024,10.4,36,F
H12,Vitamin_D,2025,11.2,40,M
H13,Iron,2024,8.5,20,F
H13,Iron,2025,7.8,22,F
H13,Calcium,2024,1213.5,29,M
H13,Calcium,2025,1042.0,21,M
H13,Vitamin_D,2024,11.6,21,F
H13,Vitamin_D,2025,11.6,35,M
H14,Iron,2024,8.0,22,F
H14,Iron,2025,8.4,23,M
H14,Calcium,2024,1156.8,27,F
H14,Calcium,2025,1109.1,38,M
H14,Vitamin_D,2024,,36,F
H14,Vitamin_D,2025,11.5,34,F
H15,Iron,2024,7.7,31,F
H15,Iron,2025,,23,F
H15,Calcium,2024,1286.3,39,F
H15,Calcium,2025,1232.9,32,F
H15,Vitamin_D,2024,12.1,38,M
H15,Vitamin_D,2025,10.1,24,F
H16,Iron,2024,7.8,28,F
H16,Iron,2025,7.8,21,F
H16,Calcium,2024,1187.7,35,M
H16,Calcium,2025,1315.1,22,F
H16,Vitamin_D,2024,9.8,38,M
H16,Vitamin_D,2025,10.2,34,M
H17,Iron,2024,8.0,39,M
H17,Iron,2025,7.5,26,F
H17,Calcium,2024,,24,M
H17,Calcium,2025,,24,F
H17,Vitamin_D,2024,13.7,29,F
H17,Vitamin_D,2025,10.6,32,F
H18,Iron,2024,8.2,35,M
H18,Iron,2025,8.5,39,F
H18,Calcium,2024,1198.1,22,F
H18,Calcium,2025,1196.7,31,M
H18,Vitamin_D,2024,9.6,27,F
H18,Vitamin_D,2025,,33,F
H19,Iron,2024,7.7,37,M
H19,Iron,2025,7.7,27,M
H19,Calcium,2024,1114.5,40,F
H19,Calcium,2025,1067.1,23,M
H19,Vitamin_D,2024,9.9,28,F
H19,Vitamin_D,2025,11.8,36,M
H20,Iron,2024,7.7,24,F
H20,Iron,2025,8.7,32,M
H20,Calcium,2024,,32,M
H20,Calcium,2025,1152.1,23,F
H20,Vitamin_D,2024,10.6,38,F
H20,Vitamin_D,2025,10.8,39,M
H21,Iron,2024,,35,M
H21,Iron,2025,7.8,31,M
H21,Calcium,2024,1174.9,40,F
H21,Calcium,2025,,33,M
H21,Vitamin_D,2024,11.4,22,M
H21,Vitamin_D,2025,11.0,36,M
H22,Iron,2024,8.4,33,M
H22,Iron,2025,7.9,21,M
H22,Calcium,2024,1179.0,25,M
H22,Calcium,2025,1131.3,32,F
H22,Vitamin_D,2024,9.5,38,M
H22,Vitamin_D,2025,11.3,38,M
H23,Iron,2024,8.8,32,M
H23,Iron,2025,8.2,27,M
H23,Calcium,2024,1096.0,26,M
H23,Calcium,2025,1008.0,36,M
H23,Vitamin_D,2024,10.7,25,M
H23,Vitamin_D,2025,10.5,24,F
H24,Iron,2024,8.7,39,M
H24,Iron,2025,8.5,20,M
H24,Calcium,2024,1135.7,22,F
H24,Calcium,2025,1089.9,40,F
H24,Vitamin_D,2024,9.7,23,F
H24,Vitamin_D,2025,9.6,24,M
H25,Iron,2024,8.3,36,M
H25,Iron,2025,,32,F
H25,Calcium,2024,1247.1,25,F
H25,Calcium,2025,1026.8,24,M
H25,Vitamin_D,2024,10.7,20,F
H25,Vitamin_D,2025,9.9,34,M
H26,Iron,2024,,36,M
H26,Iron,2025,8.7,28,M
H26,Calcium,2024,,40,F
H26,Calcium,2025,1150.5,36,M
H26,Vitamin_D,2024,10.5,24,M
H26,Vitamin_D,2025,9.4,29,M
H27,Iron,2024,7.9,38,M
H27,Iron,2025,8.0,20,M
H27,Calcium,2024,1107.4,22,M
H27,Calcium,2025,1093.7,20,F
H27,Vitamin_D,2024,13.0,34,M
H27,Vitamin_D,2025,11.6,21,M
H28,Iron,2024,,34,M
H28,Iron,2025,7.1,21,F
H28,Calcium,2024,1172.0,20,F
H28,Calcium,2025,961.6,36,M
H28,Vitamin_D,2024,10.6,29,F
H28,Vitamin_D,2025,10.0,21,M
H29,Iron,2024,6.9,30,F
H29,Iron,2025,9.0,35,M
H29,Calcium,2024,1074.8,35,F
H29,Calcium,2025,1317.4,22,M
H29,Vitamin_D,2024,9.7,37,M
H29,Vitamin_D,2025,9.9,40,F
H30,Iron,2024,8.0,28,F
H30,Iron,2025,,32,M
H30,Calcium,2024,921.7,34,M
H30,Calcium,2025,1168.2,30,M
H30,Vitamin_D,2024,9.7,39,M
H30,Vitamin_D,2025,12.3,33,F
H31,Iron,2024,8.1,33,M
H31,Iron,2025,9.5,26,M
H31,Calcium,2024,1262.0,32,F
H31,Calcium,2025,1074.4,22,M
H31,Vitamin_D,2024,9.1,29,M
H31,Vitamin_D,2025,12.2,26,F
H32,Iron,2024,8.4,22,M
H32,Iron,2025,8.8,34,F
H32,Calcium,2024,1203.9,36,F
H32,Calcium,2025,1242.6,28,M
H32,Vitamin_D,2024,12.4,32,F
H32,Vitamin_D,2025,10.0,20,M
H33,Iron,2024,7.7,23,F
H33,Iron,2025,,28,M
H33,Calcium,2024,1126.1,27,M
H33,Calcium,2025,,30,F
H33,Vitamin_D,2024,9.6,36,F
H33,Vitamin_D,2025,12.5,38,F
H34,Iron,2024,8.8,38,M
H34,Iron,2025,8.1,25,F
H34,Calcium,2024,875.9,36,F
H34,Calcium,2025,,33,F
H34,Vitamin_D,2024,9.8,30,M
H34,Vitamin_D,2025,10.5,37,F
H35,Iron,2024,7.7,29,F
H35,Iron,2025,8.1,24,M
H35,Calcium,2024,973.0,30,M
H35,Calcium,2025,1046.7,36,M
H35,Vitamin_D,2024,10.7,31,F
H35,Vitamin_D,2025,,31,M
H36,Iron,2024,8.0,27,F
H36,Iron,2025,7.8,27,M
H36,Calcium,2024,1106.7,40,M
H36,Calcium,2025,1232.0,33,F
H36,Vitamin_D,2024,8.8,37,F
H36,Vitamin_D,2025,11.2,27,F
H37,Iron,2024,9.1,34,M
H37,Iron,2025,8.4,20,M
H37,Calcium,2024,1159.6,38,M
H37,Calcium,2025,1062.5,25,M
H37,Vitamin_D,2024,10.1,34,M
H37,Vitamin_D,2025,10.0,39,F
H38,Iron,2024,8.2,20,M
H38,Iron,2025,8.0,20,F
H38,Calcium,2024,1334.1,29,M
H38,Calcium,2025,1375.7,32,M
H38,Vitamin_D,2024,9.6,34,M
H38,Vitamin_D,2025,11.4,34,F
H39,Iron,2024,8.7,38,F
H39,Iron,2025,7.1,30,M
H39,Calcium,2024,1299.6,34,F
H39,Calcium,2025,1394.6,31,F
H39,Vitamin_D,2024,10.6,34,F
H39,Vitamin_D,2025,11.0,31,F
H40,Iron,2024,8.1,27,M
H40,Iron,2025,,28,F
H40,Calcium,2024,1087.3,33,F
H40,Calcium,2025,1100.5,23,F
H40,Vitamin_D,2024,11.0,20,M
H40,Vitamin_D,2025,9.1,34,M
H41,Iron,2024,7.5,29,F
H41,Iron,2025,8.1,39,M
H41,Calcium,2024,1234.1,25,F
H41,Calcium,2025,1146.2,30,M
H41,Vitamin_D,2024,7.8,38,F
H41,Vitamin_D,2025,10.4,20,M
H42,Iron,2024,8.0,30,F
H42,Iron,2025,7.3,36,F
H42,Calcium,2024,1016.0,39,F
H42,Calcium,2025,1164.9,26,M
H42,Vitamin_D,2024,10.1,38,M
H42,Vitamin_D,2025,8.4,36,M
H43,Iron,2024,8.5,35,F
H43,Iron,2025,7.5,37,F
H43,Calcium,2024,1114.3,36,F
H43,Calcium,2025,,27,M
H43,Vitamin_D,2024,10.7,22,F
H43,Vitamin_D,2025,11.7,38,F
H44,Iron,2024,6.9,22,F
H44,Iron,2025,8.5,27,F
H44,Calcium,2024,,34,F
H44,Calcium,2025,1167.3,33,F
H44,Vitamin_D,2024,9.4,30,F
H44,Vitamin_D,2025,,35,F
H45,Iron,2024,8.3,26,M
H45,Iron,2025,7.2,38,F
H45,Calcium,2024,1326.5,21,M
H45,Calcium,2025,1281.6,39,M
H45,Vitamin_D,2024,8.7,31,F
H45,Vitamin_D,2025,8.7,25,F
H46,Iron,2024,7.7,39,F
H46,Iron,2025,8.0,36,F
H46,Calcium,2024,,36,F
H46,Calcium,2025,1183.4,33,M
H46,Vitamin_D,2024,10.7,32,M
H46,Vitamin_D,2025,10.3,23,F
H47,Iron,2024,8.1,32,F
H47,Iron,2025,7.5,25,F
H47,Calcium,2024,1060.1,25,F
H47,Calcium,2025,1059.0,27,F
H47,Vitamin_D,2024,10.2,40,M
H47,Vitamin_D,2025,11.6,33,F
H48,Iron,2024,,30,M
H48,Iron,2025,7.2,23,M
H48,Calcium,2024,1070.2,23,M
H48,Calcium,2025,1202.0,27,M
H48,Vitamin_D,2024,10.4,24,F
H48,Vitamin_D,2025,9.9,23,M
H49,Iron,2024,8.1,32,M
H49,Iron,2025,7.5,21,M
H49,Calcium,2024,971.9,30,F
H49,Calcium,2025,1213.2,26,M
H49,Vitamin_D,2024,11.5,25,F
H49,Vitamin_D,2025,10.7,24,F
H50,Iron,2024,9.0,31,F
H50,Iron,2025,8.4,38,F
H50,Calcium,2024,1243.0,35,F
H50,Calcium,2025,1121.7,37,M
H50,Vitamin_D,2024,10.6,34,F
H50,Vitamin_D,2025,11.3,26,M
